TARIFARIO BRAIN STUDIO 2026 - PRECIOS CALCULADOS,,,,,,,,,,
Los precios sugeridos cubren el costo real estimado y un margen objetivo del 40%. Las horas y costos externos pueden modificarse en la hoja Costeo servicios.,,,,,,,,,,
,,,,,,,,,,
Tipo de servicio,Nombre del servicio,Descripción,Costo real estimado,Valor neto,IVA 19%,Valor con IVA,Descuento 10%,Valor con descuento,Valor neto actual,
Branding,Auditoría de marca,"Evaluación de la identidad visual, comunicación, aplicaciones y coherencia general de una marca. Incluye diagnóstico y recomendaciones de mejora.",$433.625,$730.000,$138.700,$868.700,$73.000,$657.000, $350.000,
,Estrategia de marca,"Definición de propósito, posicionamiento, personalidad, valores, atributos, público objetivo y diferenciadores de la marca. No incluye diseño de identidad visual.",$793.478,$1.330.000,$252.700,$1.582.700,$133.000,$1.197.000, $650.000,
,Identidad verbal,"Desarrollo de la personalidad comunicativa de la marca, tono de voz, mensajes principales, estilo de redacción y lineamientos generales de comunicación.",$640.060,$1.070.000,$203.300,$1.273.300,$107.000,$963.000, $550.000,Se ajusta segun lo que cobre Heidi
,Creación de slogan,"Desarrollo de una frase de marca alineada con su propuesta de valor, personalidad y posicionamiento. Incluye hasta 3 propuestas y 2 rondas de ajustes.",$320.030,$540.000,$102.600,$642.600,$54.000,$486.000, $280.000,
,Kit de lanzamiento de marca,"Desarrollo de piezas básicas para presentar una marca nueva o renovada. Puede incluir pieza principal, carrusel, historias, portada y video corto animado.",$782.189,$1.310.000,$248.900,$1.558.900,$131.000,$1.179.000, $800.000,
,Aplicación adicional de marca,"Diseño de una aplicación de identidad no incluida en el paquete contratado, como uniforme, vehículo, empaque, firma de correo o señalización.",$150.252,$260.000,$49.400,$309.400,$26.000,$234.000, $120.000,
,Naming,"Creación de nombre para una marca, producto o servicio. Incluye investigación básica, desarrollo de hasta 3 propuestas de nombre y 2 rondas de ajustes.",$540.430,$910.000,$172.900,$1.082.900,$91.000,$819.000, $350.000,
,Rediseño de identidad visual,Actualización de una identidad visual existente para hacerla más moderna y coherente. No incluye creación de nombre ni manual de marca completo.,$721.007,$1.210.000,$229.900,$1.439.900,$121.000,$1.089.000, $600.000,
,Animación de logo,"Animación del logotipo de hasta 10 segundos para aperturas, cierres de video y contenidos digitales.",$285.222,$480.000,$91.200,$571.200,$48.000,$432.000, $380.000,
,Diseño de tarjeta de presentación,Diseño de tarjeta corporativa a una o dos caras. No incluye impresión.,$111.897,$190.000,$36.100,$226.100,$19.000,$171.000, $120.000,
,Diseño de hoja membrete,Diseño de hoja corporativa para documentos y comunicaciones de la marca.,$111.897,$190.000,$36.100,$226.100,$19.000,$171.000, $80.000,
,Portada para red social,"Diseño de una portada adaptada a Facebook, LinkedIn, YouTube u otra plataforma.",$111.897,$190.000,$36.100,$226.100,$19.000,$171.000, $80.000,
,Portadas para historias destacadas,Diseño de hasta 6 portadas para historias destacadas de Instagram.,$187.234,$320.000,$60.800,$380.800,$32.000,$288.000, $160.000,
,Marca Plan Básico,Creación de logotipo y guía básica de uso de la marca.,$1.276.244,$2.130.000,$404.700,$2.534.700,$213.000,$1.917.000, $1.100.000,
,Marca Plan Estándar,"Creación de logotipo, paleta de colores, tipografías, manual de marca completo, 2 piezas para redes sociales, portadas e historias destacadas.",$1.764.498,$2.950.000,$560.500,$3.510.500,$295.000,$2.655.000, $1.400.000,
,Marca Plan Pro,"Desarrollo integral de identidad visual con manual, plantillas, aplicaciones publicitarias, optimización de redes, animación de logo y piezas corporativas.",$2.925.090,$4.880.000,$927.200,$5.807.200,$488.000,$4.392.000, $2.200.000,
Diseño,Pieza gráfica individual,"Diseño de una pieza estática para redes sociales, flyer digital o comunicación promocional. Incluye hasta 2 rondas de ajustes.",$98.643,$170.000,$32.300,$202.300,$17.000,$153.000, $80.000,
,Historia para redes sociales,Diseño de una historia vertical estática para Instagram o Facebook.,$72.223,$130.000,$24.700,$154.700,$13.000,$117.000, $60.000,
,Concepto carrusel de hasta 5 slides,,,,,,,, $300.000,
,Carrusel de hasta 5 slides,Diseño de un carrusel de hasta 10 páginas. El cliente debe suministrar la información o textos aprobados.,$207.470,$350.000,$66.500,$416.500,$35.000,$315.000, $250.000,
,1 slide adicional,,,,,,,, $30.000,
,Adaptación de formato,Adaptación de una pieza ya aprobada a otro tamaño o plataforma. No incluye cambios de concepto.,$36.112,$70.000,$13.300,$83.300,$7.000,$63.000, $40.000,
,Diseño editorial por página,"Diagramación de una página para brochure, catálogo, informe o documento corporativo. Aplica dentro de proyectos de varias páginas.",$34.796,$60.000,$11.400,$71.400,$6.000,$54.000, $40.000,
,Diseño de merchandising,"Aplicación gráfica para camisetas, mugs, bolsas u otros elementos promocionales. No incluye producción. Solo una pieza más de 5 productos se le da el 10% de descuento",$114.069,$200.000,$38.000,$238.000,$20.000,$180.000, $90.000,
,Diseño de material POP,"Diseño de pendón, backing, hablador, volante u otra pieza para eventos. No incluye impresión ni montaje. Por pieza a partir de 3 piezas se le hace el 10% de descuento",$140.488,$240.000,$45.600,$285.600,$24.000,$216.000, $130.000,
,Infografía,Diseño de una infografía profesional a partir de información suministrada y organizada por el cliente.,$284.179,$480.000,$91.200,$571.200,$48.000,$432.000, $230.000,
Producción audiovisual,Video individual grabado y editado,"Producción de un video vertical de hasta 60 segundos. Incluye planeación básica, grabación y edición. El valor puede variar según locación, talento y complejidad.",$326.775,$550.000,$104.500,$654.500,$55.000,$495.000, $350.000,
,Edición de reel,Edición de un video vertical de hasta 60 segundos con material entregado por el cliente. No incluye grabación.,$182.057,$310.000,$58.900,$368.900,$31.000,$279.000, $160.000,
,,10 segundos adicionales de edición,,,,,,, $30.000,
,Reel animado,"Creación de un video corto con animación de textos, elementos gráficos y recursos de marca de hasta 60 segundos ",$327.589,$550.000,$104.500,$654.500,$55.000,$495.000, $200.000,
,,10 segundos adicionales,,,,,,, $30.000,
,Jornada de producción de 2 horas,"Grabación de contenido durante máximo 2 horas en una locación. Incluye equipo básico y dirección. No incluye edición, modelos, maquillaje, alquiler de locación ni desplazamientos especiales. ",$197.899,$450.000,$85.500,$535.500,$45.000,$405.000, $450.000,
,,1 hora adional con camara,,,,,,, $200.000,
,,2 horas con celular,,,,,,, $250.000,
,Hora adicional de producción,Hora adicional de grabación posterior a la jornada contratada.,$39.544,$180.000,$34.200,$214.200,$18.000,$162.000, $120.000,
,Sesión fotográfica de 2 horas,"Sesión de fotografía de producto, equipo o marca en una locación. Incluye selección y edición básica de hasta 20 fotografías.",$235.828,$450.000,$85.500,$535.500,$45.000,$405.000, $450.000,
,Spot publicitario/produccion,Producción o edición de una pieza publicitaria corta para pauta o campaña. El precio final depende del nivel de producción.,$424.704,$710.000,$134.900,$844.900,$71.000,$639.000, $300.000,
,Video corporativo,"Producción de video institucional de 2 a 3 minutos. El alcance final depende del guion, locaciones, jornadas y logística requerida. 4 horas",$1.156.080,$1.930.000,$366.700,$2.296.700,$193.000,$1.737.000, $2.000.000,
,Video animado corporativo,"Desarrollo de video corporativo mediante animación, recursos gráficos y elementos de marca. 2 minutos",$688.669,$1.150.000,$218.500,$1.368.500,$115.000,$1.035.000, $2.000.000,
Marketing,Auditoría de redes sociales,"Revisión de contenido, diseño, frecuencia, posicionamiento, interacción y oportunidades de mejora en las redes sociales de la marca. Incluye informe de recomendaciones.",$308.836,$520.000,$98.800,$618.800,$52.000,$468.000, $320.000,
,Estrategia de contenidos,"Definición de pilares, temáticas, formatos, frecuencia, objetivos y líneas de contenido para las redes sociales de una marca.",$466.078,$780.000,$148.200,$928.200,$78.000,$702.000, $500.000,
,Plan de lanzamiento,"Planeación de la comunicación para presentar una marca, producto, servicio o evento. Incluye etapas, mensajes principales, contenidos y cronograma sugerido.",$610.881,$1.020.000,$193.800,$1.213.800,$102.000,$918.000, $650.000,
,Desarrollo de campaña digital,"Creación del concepto, mensajes, línea visual y planificación de contenidos para una campaña digital. El diseño, producción audiovisual y pauta se cotizan según el alcance.",$852.084,$1.430.000,$271.700,$1.701.700,$143.000,$1.287.000, $850.000,
,Community management,"Atención mensual de comentarios, mensajes privados, consultas frecuentes y seguimiento básico de la comunidad digital. No incluye diseño ni creación de contenido.",$963.915,$1.610.000,$305.900,$1.915.900,$161.000,$1.449.000, $650.000,
,Protocolo de atención digital,"Creación de lineamientos, tono de respuesta, preguntas frecuentes y mensajes modelo para atender clientes por redes sociales, WhatsApp o correo electrónico.",$346.151,$580.000,$110.200,$690.200,$58.000,$522.000, $450.000,
,Benchmark de competencia,"Investigación y análisis de competidores para identificar tendencias, fortalezas, oportunidades y elementos de diferenciación.",$241.170,$410.000,$77.900,$487.900,$41.000,$369.000, $350.000,
,Desarrollo de buyer persona,"Creación de perfiles de cliente ideal con sus necesidades, motivaciones, comportamientos, objeciones y canales de contacto.",$228.732,$390.000,$74.100,$464.100,$39.000,$351.000, $300.000,
,Cobertura digital de evento,"Creación y publicación de historias, fotografías, videos cortos y contenido en tiempo real durante un evento. El valor depende de la duración y los recursos requeridos.",$410.610,$690.000,$131.100,$821.100,$69.000,$621.000, $550.000,
,Gestión de LinkedIn corporativo,"Planeación, redacción, diseño básico, programación y seguimiento de contenido para posicionar una empresa o marca profesional en LinkedIn.",$671.336,$1.120.000,$212.800,$1.332.800,$112.000,$1.008.000, $750.000,
,Campaña de email marketing,"Planeación, redacción, diseño y configuración de una campaña de correo electrónico. No incluye el valor de la plataforma de envío.",$282.257,$480.000,$91.200,$571.200,$48.000,$432.000, $380.000,
,Configuración de WhatsApp Business,"Organización del perfil, catálogo, mensajes automáticos, respuestas rápidas, etiquetas y estructura básica de atención.",$151.005,$300.000,$57.000,$357.000,$30.000,$270.000, $300.000,
,Informe de resultados digital,"Elaboración de informe con métricas, análisis de resultados, aprendizajes y recomendaciones para redes sociales o campañas.",$223.275,$380.000,$72.200,$452.200,$38.000,$342.000, $280.000,
,Estrategia 360,"Desarrollo de una estrategia integral de comunicación y marketing con diagnóstico, objetivos, líneas estratégicas y plan de acción.",$552.513,$930.000,$176.700,$1.106.700,$93.000,$837.000, $550.000,
,Asesoría de redes sociales,"Sesión personalizada de hasta 90 minutos para revisar redes, contenidos, comunicación y oportunidades de mejora.",$138.578,$240.000,$45.600,$285.600,$24.000,$216.000, $230.000,
,Calendario de contenidos,"Planeación mensual de temas, formatos y fechas de publicación. No incluye diseño, grabación, redacción final ni publicación.",$239.539,$400.000,$76.000,$476.000,$40.000,$360.000, $380.000,
,Copy para publicación,Redacción de un texto para una publicación en redes sociales. Incluye una propuesta y una ronda de ajuste.,$26.542,$60.000,$11.400,$71.400,$6.000,$54.000, $60.000,
,Guion para reel,Redacción de un guion para un video corto de hasta 60 segundos.,$57.479,$100.000,$19.000,$119.000,$10.000,$90.000, $90.000,
,Programación de contenido,Carga y programación de hasta 12 publicaciones aprobadas durante el mes. No incluye diseño ni atención de mensajes.,$146.121,$280.000,$53.200,$333.200,$28.000,$252.000, $280.000,
,RRSS Básico,"Gestión básica mensual de redes sociales según el número de contenidos, canales y actividades definidos en la propuesta comercial.",$1.706.334,$2.850.000,$541.500,$3.391.500,$285.000,$2.565.000, $1.068.200,
,RRSS Estándar,"Gestión mensual de redes sociales con una mayor cantidad de contenidos, planeación, diseño, producción y acompañamiento.",$2.714.455,$4.530.000,$860.700,$5.390.700,$453.000,$4.077.000, $1.722.200,
,RRSS Pro,"Gestión integral mensual de redes sociales con estrategia, producción, diseño, publicación, seguimiento y mayor volumen de contenidos.",$3.903.197,$6.510.000,$1.236.900,$7.746.900,$651.000,$5.859.000, $2.289.000,
Ads,Administración de Meta Ads,"Configuración, seguimiento y optimización mensual de campañas en Meta Ads. No incluye inversión publicitaria.",$367.530,$620.000,$117.800,$737.800,$62.000,$558.000, $500.000,
,Administración de Google Ads,"Configuración, seguimiento y optimización mensual de campañas en Google Ads. No incluye inversión publicitaria.",$443.388,$740.000,$140.600,$880.600,$74.000,$666.000, $700.000,
,Configuración inicial de campaña,Creación y configuración de una campaña publicitaria cuando no se contrata administración mensual.,$221.694,$370.000,$70.300,$440.300,$37.000,$333.000, $280.000,
,Meta + Google Ads,Administración mensual combinada de campañas en Meta Ads y Google Ads. No incluye inversión publicitaria.,$565.859,$981.000,$186.390,$1.167.390,$98.100,$882.900, $981.000,
Editorial,Página adicional de informe,Diagramación de una página adicional dentro de un informe que ya cuenta con línea gráfica aprobada.,$34.796,$60.000,$11.400,$71.400,$6.000,$54.000, $45.000,
,Diapositiva individual,Diseño de una diapositiva dentro de una presentación que ya cuenta con línea visual definida.,$43.165,$80.000,$15.200,$95.200,$8.000,$72.000, $60.000,
,Brochure de servicios hasta 8 páginas,"Diseño y diagramación de un brochure comercial de hasta 8 páginas. No incluye redacción, fotografía ni impresión.",$769.305,$1.290.000,$245.100,$1.535.100,$129.000,$1.161.000, $550.000,
,Informe corporativo hasta 60 páginas,"Diseño y diagramación de informe anual o corporativo de hasta 60 páginas. No incluye redacción, traducción ni impresión.",$3.627.041,$6.050.000,$1.149.500,$7.199.500,$605.000,$5.445.000, $2.703.200,
,Presentación corporativa,"Diseño de presentación corporativa con línea visual, diagramación de contenidos y recursos gráficos. La cantidad máxima de diapositivas se define en la propuesta.",$1.337.663,$2.230.000,$423.700,$2.653.700,$223.000,$2.007.000, $981.000,
,Manual corporativo,Diseño y diagramación de manual interno o corporativo. El precio final depende de la cantidad de páginas y complejidad.,$1.050.281,$1.760.000,$334.400,$2.094.400,$176.000,$1.584.000, $817.500,
Web,Mantenimiento web mensual,"Soporte, actualizaciones básicas y revisión general de un sitio web existente. No incluye rediseño ni desarrollo de nuevas funcionalidades.",$396.657,$670.000,$127.300,$797.300,$67.000,$603.000, $450.000,
,Actualización puntual de contenido web,"Cambio de textos, imágenes o información en una sección existente del sitio web. Se cobra por hora.",$58.405,$140.000,$26.600,$166.600,$14.000,$126.000, $140.000,
,Web corporativa,"Diseño y desarrollo de sitio web corporativo. Hosting, dominio y funcionalidades especiales se cotizan por separado.",$3.201.304,$5.340.000,$1.014.600,$6.354.600,$534.000,$4.806.000, $2.616.000,
,Tienda virtual,"Diseño y desarrollo de tienda en línea. Pasarela de pagos, carga masiva y desarrollos especiales se cotizan según alcance.",$4.429.663,$7.390.000,$1.404.100,$8.794.100,$739.000,$6.651.000, $3.270.000,
,Landing page,"Diseño y desarrollo de una página de aterrizaje para campañas, captación de clientes o presentación de un servicio.",$1.511.155,$2.520.000,$478.800,$2.998.800,$252.000,$2.268.000, $1.308.000,
,Auditoría de sitio web,"Revisión de diseño, estructura, contenido, experiencia de usuario, navegación, adaptación móvil, velocidad y oportunidades de mejora.",$423.092,$710.000,$134.900,$844.900,$71.000,$639.000, $380.000,
,Rediseño de sitio web,"Actualización visual y funcional de un sitio existente para mejorar su apariencia, organización, navegación y experiencia del usuario.",$2.129.173,$3.550.000,$674.500,$4.224.500,$355.000,$3.195.000, $1.800.000,
,Diseño UX/UI para sitio web,"Diseño de estructura, navegación y pantallas de un sitio web antes de su desarrollo. Incluye propuesta visual y recorrido básico del usuario.",$1.516.007,$2.530.000,$480.700,$3.010.700,$253.000,$2.277.000, $1.200.000,
,Redacción de contenidos web,"Creación de textos para páginas como inicio, nosotros, servicios, contacto y otras secciones del sitio.",$63.699,$120.000,$22.800,$142.800,$12.000,$108.000, $120.000,
,Optimización SEO básica,"Configuración inicial de títulos, descripciones, encabezados, palabras clave, enlaces y estructura básica para buscadores.",$409.971,$690.000,$131.100,$821.100,$69.000,$621.000, $450.000,
,Gestión SEO mensual,"Seguimiento y optimización continua del posicionamiento orgánico mediante ajustes técnicos, palabras clave y recomendaciones de contenido.",$645.615,$1.080.000,$205.200,$1.285.200,$108.000,$972.000, $700.000,
,Configuración de Google Analytics y Search Console,"Instalación y configuración de herramientas para medir visitas, comportamiento, conversiones, rendimiento e indexación del sitio web.",$191.731,$350.000,$66.500,$416.500,$35.000,$315.000, $350.000,
,Integración de formulario web,"Creación y configuración de un formulario de contacto, registro, solicitud, cotización o captación de clientes.",$182.057,$310.000,$58.900,$368.900,$31.000,$279.000, $250.000,
,Integración de WhatsApp en sitio web,"Configuración de botón, enlace o formulario conectado con WhatsApp para facilitar el contacto con clientes.",$95.206,$180.000,$34.200,$214.200,$18.000,$162.000, $180.000,
,Sistema de reservas o citas,"Configuración de una herramienta para agendar citas, reuniones, servicios o espacios desde el sitio web.",$519.320,$870.000,$165.300,$1.035.300,$87.000,$783.000, $650.000,
,Página web para evento,"Diseño y desarrollo de una página con información del evento, agenda, conferencistas, registro y datos de contacto.",$1.083.551,$1.810.000,$343.900,$2.153.900,$181.000,$1.629.000, $950.000,
,Migración de sitio web,"Traslado de contenidos, archivos, base de datos o configuración de un sitio desde un proveedor o plataforma hacia otro.",$561.687,$940.000,$178.600,$1.118.600,$94.000,$846.000, $700.000,
,Gestión de dominio y hosting,"Configuración, conexión, renovación y soporte básico de dominio y alojamiento. No incluye el costo cobrado por el proveedor.",$160.400,$350.000,$66.500,$416.500,$35.000,$315.000, $350.000,
,Seguridad y copias de respaldo,"Configuración de respaldos, revisión de seguridad, actualizaciones y medidas básicas de protección para el sitio web.",$236.258,$400.000,$76.000,$476.000,$40.000,$360.000, $300.000,
,Carga de productos en tienda virtual,"Organización y publicación de imágenes, descripciones, precios, categorías y datos de productos dentro de una tienda en línea.",$4.429.663,$7.390.000,$1.404.100,$8.794.100,$739.000,$6.651.000, $25.000,
,Integración de pasarela de pagos,Configuración de una pasarela de pagos compatible con la tienda o sitio web. No incluye comisiones ni costos del proveedor.,$447.900,$750.000,$142.500,$892.500,$75.000,$675.000, $500.000,
Desarrollo web y tecnología,Desarrollo e implementación de plataformas digitales a medida,"Diseño y desarrollo de una plataforma personalizada para apoyar la gestión operativa del cliente. El servicio base puede incluir panel principal, creación de usuarios, gestión de clientes, tareas, inventario, cotizaciones, reportes básicos y configuración inicial del sistema. El alcance definitivo se establece según las necesidades del proyecto.",$11.683.217,$19.480.000,$3.701.200,$23.181.200,$1.948.000,$17.532.000, $5.000.000,
,Desarrollo de módulo adicional,"Diseño e implementación de una nueva funcionalidad dentro de una plataforma existente. Puede incluir módulos de usuarios, inventario, ventas, cotizaciones, reportes, tareas, formularios o gestión documental.",$1.680.623,$2.810.000,$533.900,$3.343.900,$281.000,$2.529.000, $800.000,
,Integración con herramientas externas,"Conexión de la plataforma con servicios como pasarelas de pago, WhatsApp, correo electrónico, Google Drive, CRM, facturación, calendarios u otras herramientas.",$1.177.161,$1.970.000,$374.300,$2.344.300,$197.000,$1.773.000, $600.000,
,Automatización de procesos,"Configuración de flujos automáticos para reducir tareas manuales, como envío de correos, alertas, generación de documentos, actualización de estados o asignación de tareas.",$1.328.877,$2.220.000,$421.800,$2.641.800,$222.000,$1.998.000, $700.000,
,Mantenimiento mensual de plataforma,"Revisión técnica, corrección de errores, actualizaciones menores, monitoreo y soporte básico sobre una plataforma desarrollada o administrada por Brain Studio. No incluye nuevos módulos ni cambios de alcance.",$608.300,$1.020.000,$193.800,$1.213.800,$102.000,$918.000, $450.000,
,Soporte técnico por horas,"Atención de incidentes, revisión de errores, configuración y acompañamiento técnico puntual.",$86.851,$150.000,$28.500,$178.500,$15.000,$135.000, $150.000,
,Migración y carga inicial de información,"Organización, depuración y carga de datos como clientes, productos, inventarios, usuarios o registros dentro de la plataforma.",$658.054,$1.100.000,$209.000,$1.309.000,$110.000,$990.000, $400.000,
,Diseño de experiencia e interfaz de usuario,"Diseño visual de pantallas, menús, formularios, paneles y recorridos de navegación antes del desarrollo de la plataforma.",$1.649.971,$2.750.000,$522.500,$3.272.500,$275.000,$2.475.000, $900.000,
,Panel de indicadores y reportes,"Diseño e implementación de un dashboard con indicadores, gráficos y reportes básicos para visualizar información operativa o comercial.",$1.814.587,$3.030.000,$575.700,$3.605.700,$303.000,$2.727.000, $1.000.000,
,Capacitación para uso de plataforma,Sesión de capacitación para enseñar al equipo del cliente el funcionamiento general de la plataforma.,$246.835,$420.000,$79.800,$499.800,$42.000,$378.000, $300.000,
,Manual de uso de plataforma,"Creación de una guía básica con instrucciones, capturas y pasos para el uso de las principales funcionalidades.",$383.343,$640.000,$121.600,$761.600,$64.000,$576.000, $400.000,
